sequential,
0.0004064,
0.0036256,
0.0002432,
0.000384,
0.0004352,
0.0006176,
0.0008352,
0.0013472,
0.0023072,
0.004352,
0.0087488,
0.0177216,
0.0349728,
0.0706688,
0.141021,
0.282067,
0.565773,
1.1258,
2.26196,
4.42377,
5.05318,
5.80427,
11.6214,
23.1715,
46.2379,
92.4462,
184.014,
368.217,
736.16,
1472.23
