sequential,
0.000448,
0.000352,
0.0003328,
0.000384,
0.0003776,
0.0005568,
0.0007968,
0.0013024,
0.002288,
0.0042176,
0.009312,
0.0187584,
0.0315648,
0.0690144,
0.13249,
0.257629,
0.50799,
1.00281,
2.00329,
4.00721,
8.0117,
16.0304,
25.0132,
20.8165,
41.6123,
83.2432,
166.637,
333.415,
666.164,
1332.38
